;SEASON;PLAYER_ID;PLAYER_NAME;POSITION;HEIGHT_WO_SHOES;HEIGHT_W_SHOES;WEIGHT;WINGSPAN;STANDING_REACH;BODY_FAT_PCT;HAND_LENGTH;HAND_WIDTH;STANDING_VERTICAL_LEAP;MAX_VERTICAL_LEAP;LANE_AGILITY_TIME;MODIFIED_LANE_AGILITY_TIME;THREE_QUARTER_SPRINT
0;2018;1628959;Rawle Alkins;SG;1.9;1.94;98.61;2.05;2.51;8.9;0.22;0.25;0.83;1.03;11.5;3.09;3.15
1;2018;1628960;Grayson Allen;SG;1.9;1.94;89.81;2.01;2.46;5.55;0.21;0.25;0.83;1.03;10.31;3.04;3.15
2;2018;1628961;Kostas Antetokounmpo;PF;2.06;2.1;88.36;2.19;2.79;5.0;0.23;0.24;0.75;0.89;12.48;3.48;3.21
3;2018;1628962;Udoka Azubuike;C;2.08;2.14;124.19;2.31;2.86;7.95;0.24;0.25;0.79;0.8;12.97;3.65;3.12
4;2018;1628964;Mohamed Bamba;C;2.11;2.15;102.33;2.39;2.93;6.2;0.25;0.26;-;-;-;-;-
5;2018;1628965;Jaylen Barford;PG-SG;1.86;1.89;94.17;1.92;2.45;11.65;0.2;0.21;0.69;0.84;11.39;3.21;3.31
6;2018;1628966;Keita Bates-Diop;SG-SF;2.01;2.04;101.51;2.22;2.71;5.35;0.23;0.22;0.77;0.89;11.2;3.28;3.17
7;2018;1628967;Tyus Battle;SG;1.96;2.0;90.81;2.06;2.59;4.0;0.22;0.23;0.81;0.95;11.04;2.87;3.07
8;2018;1628968;Brian Bowen;SG-SF;1.99;2.02;91.63;2.09;2.63;7.6;0.23;0.25;0.77;0.86;11.58;3.33;3.28
9;2018;1628970;Miles Bridges;SF;1.96;2.0;99.97;2.07;2.63;5.9;0.23;0.25;-;-;-;-;-
10;2018;1628971;Bruce Brown;SG-PG;1.92;1.96;88.27;2.06;2.5;3.75;0.22;0.22;0.83;0.97;11.11;3.44;3.2
11;2018;1628972;Troy Brown;SF;1.97;2.0;94.35;2.09;2.67;7.05;0.23;0.25;0.66;0.84;11.51;3.29;3.33
12;2018;1628973;Jalen Brunson;PG;1.85;1.89;89.99;1.93;2.44;6.7;0.21;0.23;0.74;0.94;10.59;3.11;3.15
13;2018;1628974;Tony Carr;PG;1.9;1.94;90.17;2.04;2.54;6.5;0.22;0.25;0.64;0.8;11.89;3.4;3.17
14;2018;1628975;Jevon Carter;PG;1.84;1.87;88.99;1.94;2.41;4.15;0.23;0.22;0.74;0.93;11.04;3.05;3.18
15;2018;1628976;Wendell Carter;C-PF;2.05;2.08;114.03;2.25;2.77;7.85;0.22;0.23;-;-;-;-;-
16;2018;1628978;Donte DiVincenzo;SG;1.92;1.94;90.99;1.98;2.48;5.0;0.21;0.23;0.88;1.07;10.72;3.12;3.11
17;2018;1628977;Hamidou Diallo;SG;1.94;1.98;89.36;2.12;2.62;4.45;0.22;0.23;0.83;1.03;10.53;3.14;3.1
18;2018;1628979;Trevon Duval;PG;1.87;1.89;86.64;2.04;2.48;5.2;0.22;0.25;0.86;1.05;10.93;3.09;3.18
19;2018;1629035;Carsen Edwards;PG;1.8;1.83;88.72;1.99;2.4;6.3;0.22;0.23;0.72;0.88;11.59;3.15;3.2
20;2018;1629037;Keenan Evans;PG;1.87;1.9;83.1;1.96;2.49;6.5;0.22;0.2;-;-;-;-;-
21;2018;1628980;Jacob Evans;SG-SF;1.94;1.97;90.54;2.06;2.6;6.5;0.23;0.23;0.71;0.9;11.11;3.14;3.2
22;2018;1628981;Bruno Fernando;C;2.05;2.08;105.78;2.24;2.77;5.25;0.24;0.25;0.74;0.89;12.19;3.03;3.23
23;2018;1628982;Melvin Frazier;SF-SG;1.94;1.98;89.9;2.18;2.67;7.9;0.24;0.24;0.79;1.03;11.24;3.08;3.08
24;2018;1628983;Shai Gilgeous-Alexander;PG;1.94;1.98;81.65;2.12;2.64;3.0;0.23;0.23;-;-;-;-;-
25;2018;1628984;Devonte Graham;PG;1.84;1.87;84.55;1.99;2.44;4.8;0.22;0.24;0.79;0.94;11.28;3.15;3.21
26;2018;1629036;Isaac Haas;C;2.17;2.2;137.44;2.26;2.83;12.55;0.25;0.27;-;-;-;-;-
27;2018;1628985;Devon Hall;SG;1.94;1.98;93.62;2.03;2.59;8.45;0.22;0.25;0.64;0.79;10.95;3.16;3.27
28;2018;1628986;Jaylen Hands;PG;1.87;1.9;81.19;1.97;2.49;5.0;0.2;0.2;0.8;1.0;12.11;3.16;3.13
29;2018;1628987;Kevin Hervey;PF;1.99;2.03;95.98;2.22;2.72;5.15;0.23;0.26;0.7;0.81;11.28;3.15;3.36
30;2018;1628988;Aaron Holiday;PG;1.82;1.85;84.82;2.02;2.46;6.4;0.22;0.22;0.65;0.84;10.96;3.22;3.27
31;2018;1628989;Kevin Huerter;SG;1.99;2.01;88.0;2.02;2.58;8.6;0.21;0.22;0.79;0.97;10.89;2.97;3.09
32;2018;1628991;Jaren Jackson;PF-C;2.08;2.11;107.05;2.27;2.79;7.2;0.25;0.25;-;-;-;-;-
33;2018;1628992;Justin Jackson;PF;1.98;2.0;104.05;2.21;2.67;8.9;0.23;0.24;-;-;-;-;-
34;2018;1628993;Alize Johnson;PF;2.01;2.03;98.25;2.05;2.62;8.1;0.22;0.25;0.64;0.79;11.83;3.28;3.38
35;2018;1628994;George King;SF-SG;1.95;1.98;99.16;2.12;2.58;7.25;0.23;0.26;0.79;0.99;10.75;3.08;3.29
36;2018;1628995;Kevin Knox;SF;2.03;2.06;96.43;2.13;2.74;4.95;0.22;0.23;-;-;-;-;-
37;2018;1628996;Sagaba Konate;C;1.99;2.02;111.58;2.13;2.71;7.35;0.23;0.25;0.8;0.89;12.28;3.36;3.28
38;2018;1628997;Caleb Martin;SF-SG;1.95;1.98;88.81;2.08;2.58;7.0;0.22;0.22;0.74;0.93;10.43;2.75;3.26
39;2018;1628998;Cody Martin;SG-SF;1.95;1.98;85.55;2.09;2.6;5.45;0.22;0.23;0.74;0.93;10.64;3.05;3.09
40;2018;1628999;Yante Maten;PF-C;2.01;2.04;111.67;2.15;2.73;8.1;0.23;0.25;0.69;0.8;11.35;3.13;3.17
41;2018;1629000;Brandon McCoy;C;2.12;2.15;113.58;2.18;2.81;8.7;0.25;0.24;0.7;0.81;11.77;3.31;3.23
42;2018;1629001;DeAnthony Melton;SG-PG;1.89;1.91;87.63;2.04;2.53;5.2;0.22;0.24;0.79;0.93;11.48;3.33;3.23
43;2018;1629002;Chimezie Metu;PF-C;2.04;2.07;99.61;2.15;2.74;5.05;0.23;0.23;0.75;0.91;11.89;3.25;3.33
44;2018;1629003;Shake Milton;SG-PG;1.94;1.97;93.98;2.15;2.53;6.8;0.22;0.24;0.76;0.84;11.07;3.19;3.25
45;2018;1629004;Sviatoslav Mykhailiuk;SG-SF;1.99;2.03;95.98;1.95;2.54;8.45;0.21;0.24;0.77;0.94;11.25;3.18;3.15
46;2018;1629005;Malik Newman;SG;1.89;1.91;85.82;1.97;2.5;6.25;0.22;0.24;0.7;0.85;10.9;3.18;3.13
47;2018;1629006;Josh Okogie;SG;1.9;1.94;95.62;2.13;2.59;5.2;0.23;0.25;0.84;1.07;11.08;3.03;3.04
48;2018;1629033;Theo Pinson;SG-SF;1.96;2.0;95.8;2.1;2.63;7.35;0.23;0.23;0.69;0.86;11.53;3.11;3.22
49;2018;1629007;Jontay Porter;C-PF;2.08;2.12;107.05;2.14;2.77;13.85;0.22;0.24;0.65;0.79;11.9;3.07;3.4
50;2018;1629008;Michael Porter;SF-PF;2.07;2.1;95.71;2.14;2.76;6.4;0.22;0.23;-;-;-;-;-
51;2018;1629009;Billy Preston;PF;2.05;2.1;100.88;2.18;2.74;5.45;0.23;0.24;0.64;0.84;11.26;3.35;3.2
52;2018;1629010;Jerome Robinson;SG;1.93;1.96;85.46;2.01;2.49;6.05;0.23;0.25;-;-;-;-;-
53;2018;1629012;Collin Sexton;PG;1.84;1.87;83.01;2.01;2.5;5.6;0.21;0.22;-;-;-;-;-
54;2018;1629013;Landry Shamet;PG;1.93;1.96;85.55;2.0;2.54;4.85;0.2;0.23;0.79;1.0;11.26;3.21;3.11
55;2018;1629014;Anfernee Simons;SG-PG;1.89;1.91;83.1;2.06;2.53;7.7;0.22;0.23;0.81;1.05;11.27;3.16;3.1
56;2018;1629015;Zhaire Smith;SF-SG;1.9;1.93;90.08;2.08;2.54;6.05;0.22;0.21;0.84;1.05;11.02;3.15;3.05
57;2018;1629034;Ray Spalding;PF;2.06;2.09;97.7;2.25;2.77;5.55;0.23;0.23;0.66;0.81;11.48;3.2;3.34
58;2018;1629016;Omari Spellman;PF-C;2.03;2.06;115.12;2.18;2.73;13.75;0.23;0.23;0.72;0.9;12.28;3.35;3.38
59;2018;1629017;Khyri Thomas;SG;1.89;1.92;90.17;2.1;2.57;6.4;0.22;0.23;0.76;0.89;10.96;3.18;3.18
60;2018;1629018;Gary Trent;SG;1.94;1.97;92.62;2.05;2.49;7.0;0.22;0.24;0.85;1.0;11.37;2.99;3.12
61;2018;1629019;Allonzo Trier;SG;1.92;1.96;89.81;2.0;2.49;4.95;0.21;0.27;0.81;1.02;11.02;2.97;3.14
62;2018;1629021;Moritz Wagner;C-PF;2.1;2.12;109.5;2.13;2.74;6.75;0.23;0.27;0.69;0.86;11.48;3.07;3.18
63;2018;1629022;Lonnie Walker;SG;1.92;1.94;88.99;2.09;2.53;5.65;0.23;0.24;0.8;1.02;10.87;2.91;3.06
64;2018;1629023;PJ Washington;PF;1.99;2.03;101.15;2.2;2.72;6.85;0.23;0.26;0.69;0.86;11.39;3.43;3.2
65;2018;1629024;Austin Wiley;C;2.04;2.08;113.13;2.26;2.82;5.0;0.25;0.26;0.71;0.85;12.79;3.27;3.3
66;2018;1629025;Kris Wilkes;SF;1.99;2.02;92.99;2.09;2.63;5.15;0.22;0.23;0.71;0.9;11.29;3.16;3.24
67;2018;1629026;Kenrich Williams;SF;1.98;2.02;90.9;2.01;2.63;5.95;0.22;0.25;0.71;0.84;10.86;3.28;3.19
68;2018;1629027;Trae Young;PG;1.84;1.87;80.65;1.9;2.43;5.35;0.2;0.23;-;-;-;-;-
69;2019;1629638;Nickeil Alexander-Walker;SG;1.94;1.97;92.44;2.07;2.59;5.9;0.22;0.22;-;-;-;-;-
70;2019;1629628;RJ Barrett;SF;-;-;-;-;-;-;-;-;-;-;-;-;-
71;2019;1629646;Charles Bassey;C;2.05;2.08;108.41;2.22;2.78;8.5;0.23;0.24;0.74;0.84;12.65;3.27;3.53
72;2019;1629647;Darius Bazley;PF;2.03;2.06;94.53;2.13;2.72;3.6;0.23;0.25;0.77;0.94;11.09;2.95;3.27
73;2019;1629626;Bol Bol;C;2.15;2.2;94.35;2.31;2.93;7.1;0.23;0.24;-;-;-;-;-
74;2019;1629648;Jordan Bone;SG;1.87;1.9;81.19;1.91;2.41;5.0;0.19;0.23;0.91;1.08;9.97;2.78;3.08
75;2019;1628968;Brian Bowen II;SF;1.99;2.02;90.72;2.08;2.62;6.5;0.22;0.25;0.81;0.9;10.98;3.21;3.26
76;2019;1629065;Ky Bowman;PG;1.85;1.89;82.19;2.01;2.49;4.9;0.21;0.23;0.7;0.84;11.11;3.11;3.26
77;2019;1629649;Ignas Brazdeikis;SF;1.97;2.01;100.15;2.06;2.59;6.0;0.22;0.24;0.79;0.93;11.06;3.17;3.36
78;2019;1629052;O'Shae Brissett;SF-PF;2.01;2.03;92.17;2.13;2.64;2.9;0.23;0.24;0.86;0.95;11.3;3.18;3.48
79;2019;1629650;Moses Brown;C;2.17;2.2;107.59;2.25;2.87;7.8;0.24;0.26;0.69;0.79;11.95;3.3;3.51
80;2019;1629634;Brandon Clarke;SF;2.01;2.04;93.98;2.04;2.59;4.9;0.21;0.24;0.86;1.03;10.61;3.05;3.15
81;2019;1629651;Nicolas Claxton;C;2.08;2.13;98.25;2.2;2.79;4.5;0.23;0.24;0.8;0.93;11.26;3.47;3.36
82;2019;1629076;Tyler Cook;PF;2.01;2.05;111.31;2.15;2.71;6.1;0.24;0.27;0.7;0.81;11.32;3.1;3.28
83;2019;1629633;Jarrett Culver;SG;1.96;2.0;88.09;2.07;2.55;5.0;0.21;0.22;-;-;-;-;-
84;2019;1629056;Terence Davis;SG;1.9;1.94;87.27;2.05;2.57;4.1;0.23;0.27;0.75;0.86;10.69;2.96;3.28
85;2019;1629652;Luguentz Dort;PG;1.9;1.94;100.79;2.04;2.53;5.0;0.22;0.23;0.83;0.97;10.79;3.13;3.22
86;2019;1629653;Devon Dotson;PG;1.83;1.88;81.01;1.91;2.43;5.9;0.21;0.24;0.76;0.98;10.63;2.8;3.04
87;2019;1629654;Carsen Edwards;PG;1.8;1.84;90.45;1.98;2.4;5.5;0.22;0.23;0.72;0.86;10.53;2.82;3.22
88;2019;1629605;Tacko Fall;C;2.27;2.31;131.0;2.5;3.11;6.8;0.27;0.27;0.56;0.67;13.01;3.46;3.78
89;2019;1628981;Bruno Fernando;C;2.05;2.09;107.5;2.22;2.79;5.4;0.23;0.25;0.75;0.85;11.29;3.05;3.21
90;2019;1629655;Daniel Gafford;PF;2.06;2.1;107.77;2.2;2.79;5.9;0.23;0.23;0.83;0.93;11.61;3.19;3.25
91;2019;1629636;Darius Garland;PG;-;-;-;-;-;-;-;-;-;-;-;-;-
92;2019;1629656;Quentin Grimes;SG;1.93;1.96;95.07;2.03;2.55;8.4;0.21;0.25;0.7;0.91;10.83;3.28;3.2
93;2019;1629657;Kyle Guy;SG;1.85;1.89;76.11;1.94;2.43;5.7;0.2;0.22;0.77;0.93;10.48;3.07;3.27
94;2019;1628986;Jaylen Hands;PG;1.87;1.9;81.83;1.97;2.46;5.1;0.2;0.21;0.84;1.05;10.73;3.03;3.12
95;2019;1629607;Jared Harper;PG;1.77;1.8;76.75;1.97;2.39;3.9;0.21;0.24;0.85;1.03;10.77;3.02;3.04
96;2019;1629637;Jaxson Hayes;PF;2.09;2.12;99.16;2.22;2.81;5.0;0.23;0.27;0.69;0.88;11.74;3.23;3.37
97;2019;1629608;Dewan Hernandez;C;2.06;2.09;105.6;2.18;2.72;6.1;0.24;0.26;0.77;0.9;11.46;3.25;3.28
98;2019;1629639;Tyler Herro;SG;1.94;1.98;87.27;1.91;2.55;7.1;0.2;0.22;-;-;-;-;-
99;2019;1629658;Jalen Hoard;PF;2.01;2.06;96.43;2.15;2.68;6.7;0.22;0.25;0.7;0.9;11.44;3.32;3.34
100;2019;1629659;Talen Horton-Tucker;SG;1.89;1.93;106.78;2.17;2.62;8.4;0.24;0.25;0.66;0.88;11.34;3.43;3.34
101;2019;1629631;De'Andre Hunter;;-;-;-;-;-;-;-;-;-;-;-;-;-
102;2019;1629610;DaQuan Jeffries;SF-PF;1.93;1.96;97.79;2.11;2.64;3.9;0.24;0.26;-;-;-;-;-
103;2019;1629660;Ty Jerome;PG;1.94;1.97;88.18;1.93;2.49;6.5;0.21;0.24;0.66;0.8;11.21;3.12;3.4
104;2019;1629640;Keldon Johnson;SG;1.95;1.98;98.16;2.06;2.64;5.6;0.2;0.23;-;-;-;-;-
105;2019;1629661;Cameron Johnson;SG;2.01;2.04;93.08;2.08;2.62;5.8;0.2;0.22;0.77;0.93;10.52;3.28;3.26
106;2019;1629662;Mfiondu Kabengele;PF;2.05;2.09;116.21;2.21;2.78;5.1;0.23;0.27;0.71;0.9;11.21;3.3;3.25
107;2019;1629663;Louis King;SF;2.0;2.03;88.54;2.14;2.65;4.8;0.2;0.22;0.74;0.84;10.99;3.05;3.28
108;2019;1629641;Romeo Langford;SG;1.94;1.98;-;2.11;2.62;-;0.23;0.23;-;-;-;-;-
109;2019;1629664;Dedric Lawson;PF;2.01;2.04;105.69;2.19;2.73;8.9;0.25;0.25;0.6;0.66;11.8;3.54;3.6
110;2019;1629665;Jalen Lecque;PG;1.89;1.94;84.01;2.04;2.5;4.0;0.22;0.22;0.89;1.09;11.09;3.3;3.29
111;2019;1629642;Nassir Little;SF;1.94;1.98;101.7;2.17;2.65;5.9;0.22;0.25;0.79;0.98;12.15;3.1;3.24
112;2019;1629611;Terance Mann;SG-SF;1.95;1.99;92.8;2.03;2.57;4.0;0.24;0.23;0.83;0.98;11.51;3.14;3.3
113;2019;1628998;Cody Martin;PG-SG;1.95;1.97;87.18;2.09;2.6;5.0;0.21;0.23;0.71;0.9;10.44;2.99;3.32
114;2019;1629666;Charles Matthews;SG;1.96;1.99;88.36;2.07;2.62;3.8;0.22;0.22;0.75;0.95;11.26;3.24;3.38
115;2019;1629667;Jalen McDaniels;SF;2.04;2.08;86.91;2.14;2.68;5.7;0.23;0.25;0.75;0.85;11.54;3.23;3.32
116;2019;1629630;Ja Morant;PG;-;-;-;-;-;-;-;-;-;-;-;-;-
117;2019;1629668;Zach Norvell Jr.;SG;1.94;1.97;93.62;1.98;2.57;7.5;0.22;0.24;0.61;0.76;11.6;3.34;3.43
118;2019;1629669;Jaylen Nowell;SG;1.91;1.94;91.81;2.01;2.49;6.1;0.21;0.22;0.81;0.98;10.76;3.13;3.23
119;2019;1629670;Jordan Nwora;PF;1.97;2.02;99.79;2.1;2.62;7.8;0.22;0.23;-;-;-;-;-
120;2019;1629643;Chuma Okeke;;-;-;-;-;-;-;-;-;-;-;-;-;-
121;2019;1629644;KZ Okpala;SF;2.01;2.07;95.07;2.18;2.71;4.6;0.23;0.23;0.77;0.94;10.88;3.13;3.38
122;2019;1629671;Miye Oni;SG;1.94;1.97;93.26;2.1;2.55;4.9;0.23;0.25;0.77;0.98;11.71;3.12;3.17
123;2019;1629672;Eric Paschall;SF;1.98;2.01;115.39;2.23;2.63;6.3;0.23;0.24;0.84;0.97;11.63;3.26;3.3
124;2019;1629617;Reggie Perry;SF-PF;2.03;2.06;113.76;2.15;2.69;6.7;0.23;0.25;0.72;0.8;12.46;3.4;3.3
125;2019;1629044;Shamorie Ponds;PG;1.82;1.84;81.65;1.92;2.45;9.8;0.2;0.2;0.74;0.94;11.01;3.07;3.2
126;2019;1629673;Jordan Poole;SG;1.92;1.97;86.55;2.0;2.53;7.5;0.21;0.22;0.71;0.9;10.59;3.14;3.27
127;2019;1629007;Jontay Porter;PF;2.08;2.11;95.44;2.13;2.78;8.5;0.22;0.24;-;-;-;-;-
128;2019;1629645;Kevin Porter Jr.;SG;1.93;1.97;96.43;2.06;2.62;5.1;0.22;0.22;0.69;0.86;10.82;3.03;3.14
129;2019;1629674;Neemias Queta;C;2.1;2.14;102.42;2.24;2.83;6.3;0.24;0.28;0.61;0.83;12.04;3.45;3.73
130;2019;1629629;Cameron Reddish;SF;1.99;2.03;94.26;2.15;2.68;4.7;0.23;0.23;-;-;-;-;-
131;2019;1629675;Naz Reid;PF;2.04;2.07;116.03;2.22;2.77;14.0;0.24;0.23;0.66;0.83;12.03;3.76;3.42
132;2019;1629676;Isaiah Roby;PF;2.01;2.04;97.07;2.16;2.69;3.9;0.23;0.27;0.83;0.9;10.63;3.05;3.25
133;2019;1629677;Luka Samanic;PF;2.07;2.11;103.06;2.1;2.72;5.6;0.22;0.23;0.69;0.97;11.01;3.03;3.27
134;2019;1629678;Admiral Schofield;SF;1.93;1.96;109.13;2.08;2.6;6.8;0.22;0.23;0.76;0.86;10.77;2.87;3.37
135;2019;1629621;Marial Shayok;SF-PF;1.94;1.97;89.27;2.14;2.63;4.7;0.22;0.23;0.75;0.93;11.16;3.04;3.37
136;2019;1629679;Simisola Shittu;PF;2.04;2.07;103.06;2.17;2.69;6.2;0.22;0.22;0.69;0.9;11.85;3.24;3.3
137;2019;1629681;Killian Tillie;;-;-;-;-;-;-;-;-;-;-;-;-;-
138;2019;1629023;P.J. Washington;PF;1.99;2.03;104.51;2.2;2.71;8.6;0.23;0.26;-;-;-;-;-
139;2019;1629682;Tremont Waters;PG;1.77;1.8;78.2;1.89;2.37;6.6;0.2;0.25;0.77;1.03;10.76;3.11;3.07
140;2019;1629683;Quinndary Weatherspoon;SG;1.9;1.94;93.71;2.06;2.54;6.1;0.22;0.23;0.79;0.97;11.57;3.15;3.16
141;2019;1629632;Coby White;PG;1.92;1.95;86.82;1.96;2.48;4.3;0.2;0.23;-;-;-;-;-
142;2019;1629025;Kris Wilkes;SF;1.99;2.03;94.71;2.1;2.62;4.9;0.22;0.24;0.7;0.89;10.39;3.09;3.34
143;2019;1629684;Grant Williams;PF;1.97;2.02;108.95;2.08;2.65;5.4;0.23;0.27;0.66;0.8;10.83;3.27;3.33
144;2019;1629627;Zion Williamson;PF;-;-;-;-;-;-;-;-;-;-;-;-;-
145;2019;1629685;Dylan Windler;SF;1.99;2.02;88.81;2.08;2.65;4.6;0.21;0.24;0.74;0.95;10.7;2.94;3.3
146;2020;1630173;Precious Achiuwa;PF;2.02;2.05;106.14;2.15;2.76;6.7;0.23;0.25;-;-;-;-;-
147;2020;1630234;Ty-Shon Alexander;SG;1.88;1.93;91.08;2.03;2.54;12.3;0.22;0.22;0.71;0.84;11.33;2.47;3.26
148;2020;1628962;Udoka Azubuike;C;2.08;2.12;117.71;2.32;2.77;9.61;0.23;0.25;0.94;1.04;11.82;3.61;3.23
149;2020;1630189;Tyler Bey;PF;1.98;2.01;96.52;2.17;2.68;5.0;0.22;0.23;0.94;1.1;11.35;2.75;3.17
150;2020;1630213;Yoeli Childs;PF;1.98;2.01;102.69;2.12;2.69;8.2;0.22;0.25;0.86;0.98;10.87;2.42;3.22
151;2020;1629603;Mamadi Diakite;PF;2.04;2.09;100.74;2.23;2.72;7.83;0.23;0.26;0.71;0.94;11.95;2.71;3.16
152;2020;1629653;Devon Dotson;PG;1.84;1.87;84.01;1.9;2.41;4.6;0.21;0.25;0.8;1.03;10.44;2.22;3.02
153;2020;1630220;Paul Eboua;SF-PF;1.98;2.02;100.79;2.22;2.74;3.8;0.23;0.26;0.84;0.9;10.79;2.44;3.19
154;2020;1629604;CJ Elleby;SG-SF;1.97;1.99;90.08;2.01;2.55;4.2;0.22;0.25;0.77;0.93;11.25;2.63;3.25
155;2020;1630235;Trent Forrest;PG;1.92;1.95;92.08;2.02;2.6;5.65;0.23;0.25;0.71;0.88;11.04;2.5;3.18
156;2020;1630182;Josh Green;SG-SF;1.94;1.97;97.07;2.08;2.58;6.8;0.2;0.22;0.77;1.0;10.64;2.28;3.12
157;2020;1630204;Ashton Hagans;PG;1.87;1.89;87.54;2.03;2.53;4.1;0.23;0.23;0.75;0.93;10.82;2.5;3.13
158;2020;1630221;Joshua Hall;SF;1.98;2.02;89.18;2.11;2.65;7.6;0.22;0.24;0.8;0.95;12.16;2.62;3.38
159;2020;1630223;Jalen Harris;SG;1.9;1.94;87.72;2.01;2.48;4.4;0.21;0.24;0.95;1.08;10.59;2.49;3.11
160;2020;1630210;Markus Howard;PG;1.77;1.8;77.47;1.84;2.32;9.91;0.22;0.2;0.77;0.9;11.21;3.17;3.11
161;2020;1630190;Elijah Hughes;SF-SG;1.95;1.99;103.87;2.02;2.58;10.2;0.22;0.22;-;-;-;-;-
162;2020;1630198;Isaiah Joe;SG;1.9;1.94;77.29;2.02;2.57;4.7;0.21;0.21;-;-;-;-;-
163;2020;1630222;Mason Jones;SG;1.92;1.97;93.98;2.01;2.6;8.9;0.22;0.22;0.61;0.79;10.6;2.49;3.33
164;2020;1630233;Nathan Knight;PF-C;2.03;2.08;106.59;2.18;2.78;8.2;0.23;0.24;0.58;0.8;11.56;2.96;3.31
165;2020;1630177;Theo Maledon;PG;1.93;1.96;85.0;2.05;2.55;2.8;0.22;0.25;-;-;-;-;-
166;2020;1630211;Karim Mane;PG-SG;1.96;1.98;88.9;2.11;2.59;3.73;0.22;0.25;0.79;0.91;11.52;2.64;3.04
167;2020;1630230;Naji Marshall;SF;1.97;2.01;105.91;2.15;2.6;8.7;0.23;0.27;0.72;0.89;11.77;2.9;3.37
168;2020;1630231;Kenyon Martin Jr.;SF-PF;1.98;2.01;96.71;2.01;2.59;5.9;0.22;0.22;0.8;0.98;11.93;2.58;3.16
169;2020;1630219;Skylar Mays;SG;1.9;1.93;92.53;1.98;2.51;7.4;0.2;0.25;0.74;0.95;10.65;2.4;3.3
170;2020;1630192;Zeke Nnaji;PF-C;2.06;2.1;111.95;2.18;2.68;5.9;0.23;0.27;0.84;0.97;10.94;2.72;3.2
171;2020;1629670;Jordan Nwora;SF-PF;1.97;2.01;101.15;2.09;2.64;11.68;0.22;0.23;0.74;0.89;11.29;2.66;3.43
172;2020;1629617;Reggie Perry;PF-C;2.04;2.06;113.22;2.14;2.71;8.4;0.23;0.28;0.76;0.85;11.26;2.57;3.25
173;2020;1629619;Myles Powell;PG-SG;1.84;1.87;88.0;2.01;2.51;15.8;0.2;0.23;-;-;-;-;-
174;2020;1630193;Immanuel Quickley;SG;1.88;1.9;84.28;2.04;2.51;8.2;0.2;0.22;0.75;0.9;11.21;2.46;3.17
175;2020;1630186;Jahmi'us Ramsey;SG;1.89;1.92;87.72;1.98;2.55;3.4;0.22;0.25;-;-;-;-;-
176;2020;1630194;Paul Reed Jr.;PF;2.04;2.06;99.43;2.18;2.78;6.83;0.23;0.22;0.67;0.95;12.29;2.67;3.45
177;2020;1630208;Nick Richards;C;2.1;2.12;109.59;2.19;2.79;8.5;0.23;0.23;0.76;0.86;11.42;2.92;3.25
178;2020;1630203;Grant Riller;PG-SG;1.84;1.85;80.92;1.96;2.45;5.4;0.2;0.22;0.83;1.0;11.17;2.45;3.07
179;2020;1630206;Jayden Scrubb;SG-SF;1.96;1.99;84.01;2.07;2.65;3.7;0.21;0.25;-;-;-;-;-
180;2020;1630188;Jalen Smith;PF-C;2.06;2.09;101.88;2.19;2.79;3.7;0.23;0.23;-;-;-;-;-
181;2020;1630199;Cassius Stanley;SG;1.96;1.99;91.44;2.01;2.53;5.8;0.21;0.23;0.88;1.12;11.4;2.43;3.09
182;2020;1630205;Lamar Stevens;SF-PF;1.97;2.0;103.42;2.06;2.57;6.8;0.22;0.25;0.89;1.04;10.35;2.54;3.2
183;2020;1630191;Isaiah Stewart;C;2.01;2.04;110.22;2.25;2.76;7.5;0.23;0.27;-;-;-;-;-
184;2020;1630179;Tyrell Terry;PG;1.87;1.9;77.11;1.87;2.44;7.6;0.19;0.21;0.76;0.86;10.78;2.59;3.28
185;2020;1629681;Killian Tillie;PF;2.05;2.08;100.52;2.03;2.69;12.43;0.21;0.23;0.7;0.81;11.6;2.62;3.4
186;2020;1630214;Xavier Tillman Sr.;PF-C;2.02;2.04;120.88;2.18;2.69;8.5;0.26;0.28;0.66;0.83;11.8;3.01;3.49
187;2020;1629700;Kaleb Wesson;C;2.06;2.09;114.58;2.22;2.83;12.5;0.23;0.27;0.55;0.69;11.73;2.64;3.6
188;2020;1630232;Kahlil Whitney;SF;1.97;2.01;92.99;2.14;2.68;5.3;0.23;0.26;0.74;0.99;11.17;2.61;3.28
189;2020;1630216;Cassius Winston;PG;1.84;1.87;88.9;1.98;2.46;9.0;0.22;0.21;0.61;0.71;11.15;2.74;3.61
190;2020;1630218;Robert Woodard II;SF;1.97;2.01;104.42;2.18;2.68;4.5;0.23;0.27;0.81;0.97;11.1;2.49;3.18
191;2021;1630546;Max Abmas;PG;1.79;1.82;73.39;1.87;2.39;5.5;0.2;0.2;0.72;0.83;10.9;3.49;3.12
192;2021;1630534;Ochai Agbaji;SG;1.94;1.97;97.25;2.08;2.63;4.15;0.23;0.22;0.81;1.05;10.88;3.1;3.13
193;2021;1630542;Marcus Bagley;SF;1.98;2.03;98.34;2.11;2.6;7.5;0.22;0.22;0.83;0.98;12.26;3.1;3.17
194;2021;1630567;Scottie Barnes;SF;2.01;2.03;102.24;2.2;2.74;5.3;0.23;0.26;0.91;1.0;10.88;2.99;3.15
195;2021;1629646;Charles Bassey;C;2.06;2.09;104.42;2.21;2.73;5.9;0.23;0.24;0.84;0.91;12.19;3.33;3.13
196;2021;1630527;Brandon Boston Jr.;SF;1.97;2.01;85.28;2.1;2.64;6.0;0.23;0.25;-;-;-;-;-
197;2021;1630547;James Bouknight;SG;1.92;1.95;86.18;2.04;2.58;5.5;0.22;0.23;-;-;-;-;-
198;2021;1630535;Greg Brown III;PF;2.01;2.04;93.62;2.14;2.72;5.5;0.23;0.25;0.85;0.99;10.98;2.98;3.19
199;2021;1630215;Jared Butler;PG;1.89;1.92;87.54;1.93;2.5;5.1;0.22;0.21;-;-;-;-;-
200;2021;1630577;Julian Champagnie;SF;1.99;2.02;98.61;2.08;2.71;8.0;0.23;0.22;0.66;0.81;12.38;3.2;3.2
201;2021;1630551;Justin Champagnie;PF;1.97;2.0;93.62;2.07;2.64;6.3;0.22;0.22;0.69;0.89;11.94;3.14;3.34
202;2021;1630528;Josh Christopher;SG;1.91;1.94;97.43;2.06;2.57;5.8;0.22;0.22;0.75;0.95;11.32;3.3;3.14
203;2021;1630536;Sharife Cooper;PG;-;-;-;-;-;-;-;-;-;-;-;-;-
204;2021;1630595;Cade Cunningham;PG;-;-;-;-;-;-;-;-;-;-;-;-;-
205;2021;1630245;Ayo Dosunmu;SG;1.92;1.96;88.18;2.09;2.59;4.9;0.22;0.22;0.69;0.85;11.51;3.27;3.23
206;2021;1630561;David Duke Jr.;SG;1.94;1.97;92.35;2.05;2.6;5.9;0.22;0.23;0.76;0.99;11.21;3.19;3.08
207;2021;1630556;Kessler Edwards;PF;2.01;2.03;92.08;2.11;2.69;4.3;0.22;0.21;0.71;0.94;11.3;3.38;3.25
208;2021;1630568;Luka Garza;C;2.08;2.11;110.13;2.17;2.73;11.7;0.23;0.23;0.61;0.75;11.9;3.38;3.51
209;2021;1630564;RaiQuan Gray;PF;1.99;2.03;121.83;2.1;2.67;17.3;0.23;0.23;0.67;0.8;11.69;3.3;3.25
210;2021;1630224;Jalen Green;SG;-;-;-;-;-;-;-;-;-;-;-;-;-
211;2021;1629656;Quentin Grimes;SG;1.93;1.96;92.99;2.03;2.57;6.6;0.22;0.25;0.77;0.98;11.09;3.33;3.07
212;2021;1630573;Sam Hauser;SF;2.0;2.03;98.61;2.06;2.59;7.9;0.21;0.23;0.72;0.88;11.14;3.07;3.34
213;2021;1630565;Aaron Henry;SF;1.94;1.98;95.07;2.1;2.63;5.6;0.22;0.23;0.74;0.89;11.68;3.18;3.07
214;2021;1630574;Ariel Hukporti;C;2.1;2.13;111.58;2.2;2.83;8.1;0.24;0.24;0.62;0.79;12.2;3.53;3.12
215;2021;1630562;Matt Hurt;PF;2.04;2.07;105.41;2.07;2.71;15.2;0.23;0.23;0.65;0.83;11.44;3.25;3.34
216;2021;1630538;Nah'Shon Hyland;SG;1.88;1.92;76.66;2.06;2.58;5.8;0.22;0.23;0.67;0.86;10.53;3.17;3.1
217;2021;1630543;Isaiah Jackson;C;-;-;-;-;-;-;-;-;-;-;-;-;-
218;2021;1630525;David Johnson;SG;1.91;1.95;91.99;2.1;2.64;7.5;0.21;0.22;0.84;0.99;12.02;3.2;3.03
219;2021;1630552;Jalen Johnson;PF;2.03;2.06;95.07;2.14;2.69;4.5;0.25;0.27;-;-;-;-;-
220;2021;1630553;Keon Johnson;SG;1.92;1.95;83.82;2.01;2.46;4.4;0.22;0.23;1.05;1.22;11.45;3.2;3.0
221;2021;1630637;Carlik Jones;PG;1.83;1.85;78.74;1.96;2.48;4.5;0.21;0.23;0.8;0.91;10.96;3.23;3.16
222;2021;1630539;Kai Jones;PF;2.08;2.12;100.43;2.18;2.81;4.7;0.23;0.24;-;-;-;-;-
223;2021;1630529;Herbert Jones;SF;1.98;2.01;93.62;2.14;2.69;5.8;0.22;0.23;0.72;0.93;11.02;3.17;3.25
224;2021;1630548;Johnny Juzang;SG;1.97;2.01;94.8;2.1;2.55;8.0;0.22;0.24;0.79;0.93;11.13;3.08;3.13
225;2021;1630557;Corey Kispert;SF;1.98;2.01;101.51;2.01;2.59;6.8;0.22;0.25;0.76;0.95;10.91;2.99;3.12
226;2021;1630228;Jonathan Kuminga;SF;-;-;-;-;-;-;-;-;-;-;-;-;-
227;2021;1630639;AJ Lawson;SG-SF;1.97;2.0;81.28;2.0;2.53;4.4;0.22;0.23;0.84;1.04;11.0;3.01;2.98
228;2021;1630575;Scottie Lewis;SF;1.93;1.96;85.09;2.13;2.58;4.7;0.22;0.25;0.86;1.07;10.45;3.03;2.98
229;2021;1630587;Isaiah Livers;SF;1.97;2.01;105.14;2.06;2.65;9.4;0.23;0.24;-;-;-;-;-
230;2021;1630588;Makur Maker;C;2.09;2.11;105.32;2.18;2.84;14.5;0.22;0.24;0.65;0.79;11.87;3.28;3.34
231;2021;1630572;Sandro Mamukelashvili;C;2.06;2.08;108.77;2.17;2.71;7.8;0.23;0.24;0.77;0.93;11.63;3.3;3.21
232;2021;1630544;Tre Mann;PG;1.91;1.94;80.56;1.93;2.5;4.1;0.2;0.23;-;-;-;-;-
233;2021;1630571;Matthew Mayer;PF;-;-;-;-;-;-;-;-;-;-;-;-;-
234;2021;1630540;Miles McBride;PG;1.85;1.89;88.54;2.05;2.53;6.0;0.23;0.24;0.79;0.98;11.08;3.13;3.1
235;2021;1630558;Davion Mitchell;PG;1.83;1.86;91.81;1.94;2.45;6.2;0.21;0.22;-;-;-;-;-
236;2021;1630596;Evan Mobley;PF;-;-;-;-;-;-;-;-;-;-;-;-;-
237;2021;1630600;Isaiah Mobley;PF;2.03;2.08;107.95;2.21;2.73;12.9;0.23;0.25;0.67;0.81;12.7;3.5;3.3
238;2021;1630541;Moses Moody;SG;1.94;1.98;95.53;2.15;2.67;6.8;0.23;0.25;-;-;-;-;-
239;2021;1630530;Trey Murphy III;SF;2.02;2.06;93.44;2.13;2.68;8.1;0.22;0.23;0.86;0.97;11.65;3.32;3.14
240;2021;1630227;Daishen Nix;PG;1.9;1.94;102.33;2.0;2.54;11.8;0.22;0.23;0.75;0.93;11.72;3.18;3.0
241;2021;1630566;John Petty Jr.;SG;1.94;1.97;84.46;2.07;2.63;5.6;0.22;0.23;0.7;0.86;11.51;3.17;3.35
242;2021;1630582;Yves Pons;PF;1.97;2.0;93.62;2.15;2.64;4.0;0.23;0.23;0.91;1.08;10.89;3.05;3.1
243;2021;1630554;Jason Preston;PG;1.9;1.93;81.92;2.04;2.55;5.45;0.22;0.23;0.77;0.98;10.82;3.08;3.13
244;2021;1630563;Joshua Primo;SG;1.93;1.96;85.73;2.06;2.6;6.3;0.23;0.25;0.77;0.95;10.97;3.36;3.22
245;2021;1630576;Roko Prkacin;PF;2.02;2.06;102.24;2.11;2.72;7.0;0.22;0.23;-;-;-;-;-
246;2021;1629674;Neemias Queta;C;2.11;2.15;112.67;2.24;2.86;7.6;0.23;0.27;0.69;0.84;11.85;3.5;3.29
247;2021;1630559;Austin Reaves;SG;1.94;1.97;89.45;1.99;2.57;11.0;0.2;0.21;0.64;0.89;10.94;3.19;3.07
248;2021;1630526;Jeremiah Robinson-Earl;PF;2.03;2.06;109.95;2.08;2.68;8.9;0.23;0.25;0.69;0.81;11.64;3.15;3.29
249;2021;1630545;Terrence Shannon Jr.;SF;1.97;1.99;93.71;2.04;2.54;6.7;0.2;0.2;0.83;1.0;11.51;3.12;3.21
250;2021;1630549;Day'Ron Sharpe;C;-;-;-;-;-;-;-;-;-;-;-;-;-
251;2021;1630579;Jericho Sims;C;2.06;2.08;113.49;2.22;2.69;5.5;0.23;0.25;0.94;1.13;11.59;3.38;3.05
252;2021;1630531;Jaden Springer;SG;1.9;1.94;91.63;2.03;2.51;6.3;0.22;0.25;0.88;1.05;11.46;3.1;3.13
253;2021;1630569;DJ Steward;PG;1.85;1.87;73.57;2.01;2.5;5.0;0.22;0.23;0.88;0.98;11.14;3.1;3.08
254;2021;1630560;Cam Thomas;SG;-;-;-;-;-;-;-;-;-;-;-;-;-
255;2021;1630550;JT Thor;PF;2.04;2.06;92.08;2.22;2.79;6.1;0.23;0.24;0.8;0.89;12.19;3.08;3.06
256;2021;1630225;Isaiah Todd;PF;2.05;2.08;99.34;2.17;2.73;6.2;0.23;0.25;0.72;0.9;11.38;3.25;3.31
257;2021;1630613;Duane Washington Jr.;SG;1.89;1.92;89.27;2.03;2.57;5.1;0.21;0.22;0.75;0.9;11.5;3.06;3.17
258;2021;1630570;Trendon Watford;PF;2.02;2.05;107.68;2.19;2.67;10.1;0.24;0.24;0.71;0.89;11.69;3.23;3.27
259;2021;1630580;Joe Wieskamp;SF;1.97;2.01;92.9;2.11;2.62;4.1;0.22;0.23;0.76;1.07;10.7;3.18;3.04
260;2021;1630598;Aaron Wiggins;SG-SF;1.94;1.96;86.18;2.08;2.62;5.0;0.22;0.22;0.75;0.91;11.2;3.0;3.04
261;2021;1630533;Ziaire Williams;SF;2.04;2.08;85.46;2.09;2.71;4.4;0.23;0.22;0.86;1.0;10.69;3.04;3.12
262;2021;1630589;Moses Wright;PF;2.03;2.06;102.42;2.15;2.72;5.6;0.23;0.24;0.8;0.97;11.2;3.42;3.15
263;2021;1630593;McKinley Wright IV;PG;1.81;1.84;87.18;1.96;2.39;6.7;0.22;0.23;0.8;0.97;10.76;3.12;3.08
264;2021;1630681;Marcus Zegarowski;PG;1.85;1.88;82.01;1.9;2.44;7.2;0.2;0.24;0.76;0.9;11.47;3.26;3.11
265;2022;1630534;Ochai Agbaji;SG;1.94;1.97;98.34;2.09;2.64;5.4;0.22;0.24;0.81;0.99;10.77;3.11;3.13
266;2022;1631116;Patrick Baldwin Jr.;SF;2.06;2.09;104.69;2.18;2.81;8.9;0.22;0.24;0.6;0.67;12.25;3.3;3.45
267;2022;1631094;Paolo Banchero;PF;-;-;-;-;-;-;-;-;-;-;-;-;-
268;2022;1631230;Dominick Barlow;PF;2.05;2.08;100.24;2.21;2.76;5.9;0.23;0.27;0.72;0.86;11.29;3.19;3.33
269;2022;1630699;MarJon Beauchamp;SG;1.96;1.99;89.18;2.15;2.69;5.3;0.23;0.23;-;-;-;-;-
270;2022;1630656;Hugo Besson;SG;1.94;1.97;81.83;1.97;2.59;8.8;0.19;0.22;0.62;0.8;11.36;3.25;3.4
271;2022;1631103;Malaki Branham;SG;1.93;1.97;88.36;2.08;2.6;6.1;0.22;0.25;0.74;0.89;11.38;3.09;3.17
272;2022;1631128;Christian Braun;SG;1.97;2.01;94.89;1.99;2.53;6.2;0.2;0.22;0.85;1.02;11.0;3.13;3.16
273;2022;1631112;Kendall Brown;SF;1.99;2.02;91.26;2.11;2.62;4.9;0.23;0.23;0.8;1.04;11.57;3.05;3.29
274;2022;1631219;John Butler Jr.;PF;2.13;2.15;79.11;2.19;2.84;4.7;0.22;0.22;0.67;0.72;11.16;3.04;3.33
275;2022;1630577;Julian Champagnie;SF;1.99;2.03;96.34;2.08;2.72;7.1;0.22;0.23;0.72;0.88;11.39;3.04;3.14
276;2022;1631113;Kennedy Chandler;PG;1.82;1.84;78.11;1.96;2.46;4.4;0.22;0.24;0.79;1.05;10.73;2.89;-
277;2022;1631108;Max Christie;SG;1.94;1.97;85.82;2.05;2.6;4.8;0.2;0.22;0.81;0.95;10.82;3.02;3.07
278;2022;1630594;Kofi Cockburn;C;2.11;2.13;132.9;2.24;2.81;8.2;0.25;0.26;0.75;0.83;12.11;3.31;3.33
279;2022;1630700;Dyson Daniels;SG;1.98;2.02;88.54;2.1;2.67;4.9;0.22;0.25;0.74;0.86;10.81;2.81;3.22
280;2022;1631098;Johnny Davis;PG;1.94;1.97;89.09;2.04;2.63;6.7;0.22;0.26;-;-;-;-;-
281;2022;1631120;JD Davison;PG;1.84;1.89;87.0;1.99;2.53;7.8;0.22;0.24;0.76;0.94;11.38;3.23;3.26
282;2022;1630620;Darius Days;SF-PF;-;-;-;-;-;-;-;-;-;-;-;-;-
283;2022;1631217;Moussa Diabate;C;2.06;2.09;98.25;2.2;2.78;2.7;0.22;0.27;0.74;0.93;11.16;2.9;3.26
284;2022;1631172;Ousmane Dieng;SF;-;-;-;-;-;-;-;-;-;-;-;-;-
285;2022;1631215;Khalifa Diop;C;-;-;-;-;-;-;-;-;-;-;-;-;-
286;2022;1631105;Jalen Duren;C;-;-;-;-;-;-;-;-;-;-;-;-;-
287;2022;1631106;Tari Eason;PF;2.0;2.03;98.61;2.18;2.73;5.9;0.23;0.28;-;-;-;-;-
288;2022;1631165;Keon Ellis;SG;1.92;1.95;75.93;2.04;2.59;3.8;0.2;0.23;0.71;0.9;10.87;3.02;3.18
289;2022;1630701;Michael Foster Jr.;C;2.03;2.06;107.32;2.14;2.78;6.2;0.22;0.25;0.71;0.83;11.49;3.1;3.22
290;2022;1631221;Collin Gillespie;PG;1.87;1.9;88.81;1.93;2.49;8.6;0.21;0.23;0.67;0.84;10.95;3.01;3.21
291;2022;1631100;AJ Griffin;SF;-;-;-;-;-;-;-;-;-;-;-;-;-
292;2022;1630702;Jaden Hardy;SG;-;-;-;-;-;-;-;-;-;-;-;-;-
293;2022;1631199;Ron Harper Jr.;SF;1.93;1.97;109.04;2.17;2.68;14.3;0.24;0.25;0.66;0.77;11.41;3.24;3.4
294;2022;1631096;Chet Holmgren;PF;-;-;-;-;-;-;-;-;-;-;-;-;-
295;2022;1631127;Harrison Ingram;SF;1.96;2.01;105.6;2.14;2.63;8.3;0.23;0.25;0.75;0.89;11.83;3.26;3.31
296;2022;1631093;Jaden Ivey;PG;-;-;-;-;-;-;-;-;-;-;-;-;-
297;2022;1631218;Trayce Jackson-Davis;C;-;-;-;-;-;-;-;-;-;-;-;-;-
298;2022;1631107;Nikola Jovic;SF;2.07;2.11;100.97;2.14;2.76;7.4;0.22;0.25;-;-;-;-;-
299;2022;1630548;Johnny Juzang;SG;1.96;1.99;94.62;2.11;2.6;7.5;0.22;0.24;0.7;0.83;11.03;3.17;3.29
300;2022;1631130;Ismael Kamagate;PF;-;-;-;-;-;-;-;-;-;-;-;-;-
301;2022;1631211;Trevor Keels;SG;1.91;1.95;101.51;2.01;2.57;13.5;0.21;0.23;0.62;0.79;11.33;3.32;3.27
302;2022;1631117;Walker Kessler;C;2.14;2.16;116.12;2.24;2.87;14.7;0.22;0.22;-;-;-;-;-
303;2022;1631132;Christian Koloko;C;2.1;2.13;100.24;2.27;2.87;5.7;0.23;0.27;0.71;0.85;11.3;3.19;3.27
304;2022;1631222;Jake LaRavia;PF;2.0;2.03;103.06;2.07;2.64;9.0;0.22;0.26;0.7;0.86;10.58;2.89;3.37
305;2022;1631171;Justin Lewis;PF;1.99;2.02;106.78;2.2;2.68;7.3;0.23;0.27;0.83;0.89;11.49;3.02;3.23
306;2022;1630604;E.J. Liddell;PF;1.97;2.01;110.22;2.13;2.63;12.2;0.21;0.23;0.9;0.97;11.11;3.23;3.26
307;2022;1631254;Kenneth Lofton Jr.;PF-C;-;-;-;-;-;-;-;-;-;-;-;-;-
308;2022;1631213;Tyrese Martin;SG-SF;-;-;-;-;-;-;-;-;-;-;-;-;-
309;2022;1631097;Bennedict Mathurin;SG;1.94;1.98;92.8;2.06;2.64;5.7;0.22;0.25;-;-;-;-;-
310;2022;1630571;Matthew Mayer;SF;2.03;2.06;98.16;2.1;2.67;11.1;0.23;0.26;0.65;0.8;10.74;-;3.39
311;2022;1631121;Bryce McGowens;SG;1.96;1.99;82.19;2.05;2.63;5.4;0.22;0.24;0.75;0.86;11.12;3.16;3.27
312;2022;1631159;Leonard Miller;SF;2.04;2.08;95.71;2.18;2.71;5.7;0.23;0.27;0.76;0.93;11.11;3.02;3.36
313;2022;1631125;Josh Minnott;PF;-;-;-;-;-;-;-;-;-;-;-;-;-
314;2022;1631198;Aminu Mohammed;SG-SF;1.92;1.96;96.52;2.11;2.64;5.1;0.22;0.24;0.75;0.91;11.54;3.04;3.33
315;2022;1631129;Iverson Molinar;PG;1.89;1.91;83.1;2.03;2.57;4.8;0.22;0.24;0.79;0.97;11.23;3.1;3.19
316;2022;1631168;Jean Montero;PG;1.85;1.89;77.93;1.96;2.5;7.4;0.2;0.22;0.75;0.94;11.19;3.17;3.17
317;2022;1631111;Wendell Moore;SG;1.94;1.97;98.52;2.15;2.57;7.5;0.22;0.26;0.83;0.98;10.94;3.21;3.3
318;2022;1631099;Keegan Murray;PF;-;-;-;-;-;-;-;-;-;-;-;-;-
319;2022;1629614;Andrew Nembhard;PG;1.9;1.94;88.72;1.97;2.51;4.4;0.2;0.24;0.67;0.89;10.46;3.02;3.26
320;2022;1630590;Scotty Pippen Jr.;PG;1.83;1.87;81.65;1.97;2.43;5.3;0.2;0.23;0.77;0.95;11.07;3.1;3.21
321;2022;1630629;Gabriele Procida;SG-SF;1.97;2.03;87.45;2.03;2.69;3.8;0.2;0.23;0.75;0.89;11.02;3.14;3.07
322;2022;1631197;Jared Rhoden;SG-SF;-;-;-;-;-;-;-;-;-;-;-;-;-
323;2022;1631115;Orlando Robinson;C;2.08;2.11;110.86;2.24;2.82;9.5;0.22;0.25;0.58;0.7;11.4;3.23;3.55
324;2022;1631223;David Roddy;PF;1.94;1.98;118.3;2.12;2.67;11.6;0.22;0.25;0.69;0.9;10.75;3.1;3.22
325;2022;1631157;Ryan Rollins;SG;1.88;1.91;81.28;2.08;2.55;5.0;0.2;0.22;0.77;0.93;11.26;3.28;3.07
326;2022;1631204;Marcus Sasser;PG;-;-;-;-;-;-;-;-;-;-;-;-;-
327;2022;1631220;Dereon Seabron;SG;1.95;1.97;82.74;2.05;2.63;4.0;0.22;0.24;0.77;0.97;11.03;3.04;3.12
328;2022;1631101;Shaedon Sharpe;SG;1.94;1.96;89.81;2.12;2.63;4.8;0.23;0.23;-;-;-;-;-
329;2022;1631173;Terquavion Smith;SG;1.89;1.92;74.93;1.99;2.49;3.8;0.22;0.2;0.77;0.98;10.63;3.03;3.14
330;2022;1631095;Jabari Smith;PF;-;-;-;-;-;-;-;-;-;-;-;-;-
331;2022;1631110;Jeremy Sochan;PF;-;-;-;-;-;-;-;-;-;-;-;-;-
332;2022;1631164;Matteo Spagnolo;PG;1.93;1.97;88.99;2.03;2.59;8.6;0.21;0.25;0.65;0.8;11.42;3.16;3.4
333;2022;1631124;Julian Strawther;SF;1.97;2.01;94.17;2.07;2.65;7.9;0.21;0.22;0.72;0.89;10.3;3.37;3.26
334;2022;1631207;Dalen Terry;SG;1.98;2.01;88.54;2.15;2.69;5.4;0.22;0.23;-;-;-;-;-
335;2022;1631166;Drew Timme;C;2.04;2.06;105.05;2.18;2.73;15.7;0.23;0.25;0.65;0.8;11.71;3.31;3.38
336;2022;1631133;Jabari Walker;PF;2.0;2.03;96.98;2.1;2.67;12.1;0.22;0.25;0.75;0.83;11.53;3.12;3.24
337;2022;1631102;TyTy Washington Jr.;SG;1.89;1.92;89.09;2.03;2.53;12.0;0.22;0.23;-;-;-;-;-
338;2022;1631212;Peyton Watson;SF;2.0;2.03;92.26;2.15;2.73;5.2;0.22;0.24;0.71;0.85;11.03;3.24;3.28
339;2022;1631104;Blake Wesley;SG;1.9;1.94;84.91;2.06;2.62;5.6;0.21;0.23;0.76;0.91;11.55;3.25;3.21
340;2022;1631214;Alondes Williams;SG;1.92;1.96;94.8;2.01;2.59;7.2;0.22;0.23;0.76;0.9;10.96;3.11;3.15
341;2022;1631114;Jalen Williams;SG;1.94;1.97;94.89;2.19;2.68;8.9;0.22;0.24;0.85;0.99;11.13;3.17;3.11
342;2022;1631119;Jaylin Williams;C;2.05;2.08;107.32;2.16;2.76;8.0;0.22;0.27;0.62;0.76;11.64;3.1;3.5
343;2022;1630652;Trevion Williams;C;2.01;2.05;120.02;2.2;2.76;10.8;0.23;0.26;0.7;0.76;12.75;3.46;3.48
344;2022;1631258;Bryson Williams;PF-C;-;-;-;-;-;-;-;-;-;-;-;-;-
345;2022;1631109;Mark Williams;C;2.13;2.18;109.95;2.3;2.97;5.4;0.23;0.25;-;-;-;-;-
346;2022;1630592;Jalen Wilson;SF-PF;-;-;-;-;-;-;-;-;-;-;-;-;-
347;2022;1630855;Fanbo Zeng;SF-PF;-;-;-;-;-;-;-;-;-;-;-;-;-
348;2023;1641725;Trey Alexander;SG;1.91;-;83.73;2.08;2.58;-;0.22;0.22;0.75;0.86;11.6;-;3.35
349;2023;1641735;Amari Bailey;SG;1.91;-;86.55;2.01;2.63;-;0.2;0.23;0.72;0.89;11.34;-;3.19
350;2023;1641734;Emoni Bates;SF;2.04;-;81.28;2.06;2.67;-;0.2;0.21;0.69;0.83;11.54;-;3.49
351;2023;1641736;Reece Beekman;PG;1.87;-;86.45;2.01;2.55;-;0.22;0.21;0.77;0.97;10.99;3.33;3.14
352;2023;1641710;Anthony Black;PG;1.97;-;95.25;2.02;2.6;-;0.21;0.24;0.81;0.99;11.04;-;3.35
353;2023;1641737;Adem Bona;C;2.04;-;110.4;2.14;2.81;-;0.23;0.25;-;-;-;-;-
354;2023;1641738;Kobe Brown;PF;1.99;-;114.4;2.15;2.71;-;0.22;0.25;0.72;0.81;11.39;3.23;3.33
355;2023;1641723;Kobe Bufkin;SG;1.94;-;84.73;2.03;2.6;-;0.2;0.23;0.72;0.91;11.71;-;3.26
356;2023;1641739;Toumani Camara;PF;2.01;-;99.97;2.15;2.72;-;0.23;0.25;0.72;0.84;10.7;3.18;3.41
357;2023;1631321;Sidy Cissoko;SF;1.97;-;101.51;2.08;2.64;-;0.23;0.25;0.77;0.9;11.24;-;3.31
358;2023;1641740;Jaylen Clark;SG;1.93;-;92.62;2.06;2.58;-;0.22;0.23;-;-;-;-;-
359;2023;1641730;Noah Clowney;PF;-;-;-;-;-;-;-;-;-;-;-;-;-
360;2023;1641731;Bilal Coulibaly;SG-SF;-;-;-;-;-;-;-;-;-;-;-;-;-
361;2023;1641741;Ricky Council IV;SF;1.96;-;94.35;2.06;2.62;-;0.2;0.22;0.77;0.94;11.2;3.12;3.33
362;2023;1641711;Gradey Dick;SG;1.99;-;92.53;2.05;2.57;-;0.21;0.23;0.74;0.86;11.13;2.97;3.5
363;2023;1641743;Nikola Djurisic;SF;2.01;-;98.7;2.04;2.59;-;0.21;0.24;-;-;-;-;-
364;2023;1641744;Zach Edey;C;2.22;-;138.98;2.4;2.93;-;0.25;0.28;0.66;0.75;11.37;-;3.45
365;2023;1641745;Adam Flagler;PG;1.85;-;87.0;1.94;2.46;-;0.2;0.23;0.79;0.91;10.96;-;3.24
366;2023;1641718;Keyonte George;SG;-;-;-;-;-;-;-;-;-;-;-;-;-
367;2023;1631243;Mouhamed Gueye;C;2.09;-;96.43;2.22;2.81;-;0.23;0.25;-;-;-;-;-
368;2023;1641722;Jordan Hawkins;SG;1.94;-;84.37;2.0;2.58;-;0.21;0.22;-;-;-;-;-
369;2023;1641746;Coleman Hawkins;PF;2.04;-;101.79;2.14;2.76;-;0.22;0.22;0.67;0.83;12.14;-;3.37
370;2023;1630703;Scoot Henderson;PG;-;-;-;-;-;-;-;-;-;-;-;-;-
371;2023;1641707;Taylor Hendricks;PF;2.04;-;96.89;2.15;2.72;-;0.23;0.26;0.83;0.91;11.27;-;3.32
372;2023;1641747;DaRon Holmes II;C;2.06;-;100.15;2.15;2.77;-;0.22;0.24;0.75;0.89;11.48;-;3.2
373;2023;1641720;Jalen Hood-Schifino;PG;1.94;-;98.25;2.09;2.55;-;0.23;0.25;-;-;-;-;-
374;2023;1641724;Jett Howard;SF;-;-;-;-;-;-;-;-;-;-;-;-;-
375;2023;1641713;GG Jackson;PF;2.04;-;97.25;2.12;2.69;-;0.22;0.25;0.79;0.94;11.39;-;3.21
376;2023;1641748;Andre Jackson Jr.;SF;1.97;-;89.99;2.08;2.62;-;0.21;0.24;0.77;1.0;10.83;-;3.14
377;2023;1631218;Trayce Jackson-Davis;C;2.04;-;109.04;2.16;2.69;-;0.23;0.27;0.84;0.93;11.8;3.16;3.2
378;2023;1631170;Jamie Jaquez Jr.;SF;1.98;-;102.69;2.07;2.53;-;0.22;0.24;0.88;0.99;11.21;-;3.33
379;2023;1641749;Keyontae Johnson;SF;1.93;-;108.23;2.13;2.62;-;0.23;0.23;-;-;-;-;-
380;2023;1641732;Colby Jones;SG;1.94;-;90.36;2.03;2.62;-;0.21;0.22;0.77;0.89;11.14;3.09;3.33
381;2023;1641750;Ryan Kalkbrenner;C;2.15;-;114.21;2.26;2.86;-;0.23;0.28;0.71;0.77;12.27;-;3.39
382;2023;1641751;Arthur Kaluma;PF;1.99;-;100.61;2.15;2.63;-;0.22;0.25;0.83;0.88;11.35;3.25;3.44
383;2023;1631340;Mojave King;SG;1.92;-;90.99;2.03;2.57;-;0.22;0.24;0.85;1.07;11.07;-;3.18
384;2023;1641752;Bobi Klintman;PF;-;-;-;-;-;-;-;-;-;-;-;-;-
385;2023;1641721;Maxwell Lewis;SG;1.99;-;93.98;2.13;2.65;-;0.22;0.24;0.83;0.93;11.4;-;3.43
386;2023;1641726;Dereck Lively Jr.;C;-;-;-;-;-;-;-;-;-;-;-;-;-
387;2023;1641753;Chris Livingston;SF;1.98;-;99.43;2.11;2.65;-;0.22;0.23;0.77;0.94;11.65;-;3.27
388;2023;1641754;Seth Lundy;SF;1.93;-;97.25;2.09;2.64;-;0.22;0.23;0.8;0.9;11.02;-;3.15
389;2023;1631256;Kevin McCullar;SF;-;-;-;-;-;-;-;-;-;-;-;-;-
390;2023;1641756;Mike Miles Jr.;PG;1.85;-;92.99;1.84;2.44;-;0.2;0.21;0.84;0.94;11.01;3.25;3.11
391;2023;1641757;Jordan Miller;SF;1.94;-;86.91;2.13;2.63;-;0.22;0.23;0.81;0.93;11.43;3.21;3.17
392;2023;1631159;Leonard Miller;PF;2.06;-;96.52;2.18;2.71;-;0.24;0.27;0.81;0.95;11.0;-;3.33
393;2023;1641706;Brandon Miller;SF;-;-;-;-;-;-;-;-;-;-;-;-;-
394;2023;1641758;Judiah Mintz;PG;1.9;-;80.01;1.92;2.49;-;0.21;0.23;0.72;0.94;10.32;3.08;3.24
395;2023;1641759;Dillon Mitchell;PF;2.0;-;87.54;2.08;2.67;-;0.21;0.24;0.77;0.94;10.92;-;3.24
396;2023;1641760;Omari Moore;SG;1.96;-;85.55;2.08;2.78;-;0.23;0.26;0.58;0.75;10.8;-;3.22
397;2023;1631200;Kris Murray;PF;2.03;-;96.52;2.13;2.69;-;0.22;0.23;0.75;0.89;11.05;-;3.24
398;2023;1641761;Grant Nelson;PF;2.08;-;101.33;2.13;2.71;-;0.23;0.24;0.81;0.9;9.99;-;3.21
399;2023;1641762;James Nnaji;C;-;-;-;-;-;-;-;-;-;-;-;-;-
400;2023;1641763;Julian Phillips;SF;2.0;-;89.18;2.12;2.59;-;0.22;0.23;0.91;1.09;11.09;-;3.32
401;2023;1629618;Jalen Pickett;PG;1.88;-;89.72;2.01;2.5;-;0.22;0.19;0.72;0.84;11.91;3.33;3.35
402;2023;1641764;Brandon Podziemski;SG;1.92;-;92.44;1.97;2.45;-;0.21;0.25;0.8;0.99;11.16;3.09;3.21
403;2023;1641765;Olivier-Maxence Prosper;PF;2.0;-;96.34;2.16;2.64;-;0.21;0.25;0.89;1.03;10.59;3.0;3.21
404;2023;1641712;Rayan Rupert;SF;1.98;-;87.63;2.18;2.69;-;0.22;0.24;0.7;0.83;11.18;-;3.43
405;2023;1641766;Adama Sanogo;C;2.01;-;116.94;2.2;2.76;-;0.25;0.25;0.72;0.79;11.5;-;3.31
406;2023;1631204;Marcus Sasser;PG;1.86;-;88.72;2.01;2.53;-;0.22;0.24;0.69;0.89;10.68;-;3.43
407;2023;1641729;Brice Sensabaugh;SF;-;-;-;-;-;-;-;-;-;-;-;-;-
408;2023;1630545;Terrence Shannon Jr.;SF;1.97;-;99.79;2.03;2.59;-;0.21;0.2;0.81;0.95;10.36;-;3.06
409;2023;1641767;Ben Sheppard;SG;1.96;-;88.27;2.03;2.54;-;0.22;0.24;0.75;0.9;10.88;2.94;3.17
410;2023;1641771;Jalen Slawson;PF;1.99;-;100.52;2.13;2.69;-;0.23;0.23;0.74;0.84;11.26;-;3.29
411;2023;1631173;Terquavion Smith;SG;1.89;-;74.03;2.0;2.49;-;0.22;0.2;0.76;0.94;10.86;-;3.21
412;2023;1641733;Nick Smith Jr.;SG;-;-;-;-;-;-;-;-;-;-;-;-;-
413;2023;1631124;Julian Strawther;SF;1.98;-;94.71;2.06;2.67;-;0.21;0.21;0.7;0.88;10.94;3.46;3.31
414;2023;1641708;Amen Thompson;SG;1.97;-;97.16;2.13;2.63;-;0.22;0.22;-;-;-;-;-
415;2023;1641709;Ausar Thompson;SG;1.97;-;98.97;2.13;2.64;-;0.22;0.23;-;-;-;-;-
416;2023;1631166;Drew Timme;C;2.05;-;110.31;2.18;2.76;-;0.23;0.25;0.66;0.77;10.93;-;3.34
417;2023;1641772;Nae'Qwan Tomlin;PF;-;-;-;-;-;-;-;-;-;-;-;-;-
418;2023;1631131;Oscar Tshiebwe;C;2.01;-;115.03;2.22;2.74;-;0.25;0.26;0.75;0.83;12.26;-;3.32
419;2023;1641773;Azuolas Tubelis;PF;2.05;-;106.5;2.11;2.74;-;0.23;0.27;0.6;0.77;11.17;-;3.5
420;2023;1641774;Tristan Vukcevic;C;2.11;-;101.33;2.2;2.82;-;0.23;0.26;0.66;0.77;11.71;3.24;3.43
421;2023;1641716;Jarace Walker;PF;1.99;-;112.76;2.2;2.65;-;0.23;0.25;0.88;0.97;10.89;-;3.2
422;2023;1641717;Cason Wallace;PG;1.89;-;88.54;2.04;2.57;-;0.22;0.23;0.71;0.91;10.82;-;3.34
423;2023;1641775;Jordan Walsh;SF;1.97;-;92.53;2.18;2.72;-;0.22;0.22;0.84;0.91;10.83;-;3.3
424;2023;1641705;Victor Wembanyama;C;-;-;-;-;-;-;-;-;-;-;-;-;-
425;2023;1641727;Dariq Whitehead;SG;1.97;-;98.52;2.09;2.63;-;0.22;0.25;-;-;-;-;-
426;2023;1641715;Cam Whitmore;SF;1.97;-;106.59;2.04;2.63;-;0.2;0.21;0.8;1.03;10.82;3.26;3.2
427;2023;1630592;Jalen Wilson;SF;1.97;-;104.42;2.03;2.53;-;0.21;0.23;0.8;0.89;11.26;3.09;3.2
428;2023;1631209;Isaiah Wong;SG;1.89;-;80.92;2.0;2.48;-;0.21;0.24;0.83;0.94;10.93;-;3.22
